{"chunk_definitions":[{"row":23,"row_count":1,"visible":true,"expansion_state":0,"options":{"engine":"r","label":"setup","include":false},"document_id":"762F1FFB","chunk_id":"csetup_chunk","chunk_label":"setup"},{"row":66,"row_count":1,"visible":true,"expansion_state":0,"options":{"engine":"r","label":"load_sep19_crime","echo":false},"document_id":"762F1FFB","chunk_id":"comjne8225s7x","chunk_label":"load_sep19_crime"}],"doc_write_time":1573069270,"working_dir":null,"default_chunk_options":{"warning":false,"message":false,"comment":null,"dpi":300.0}}