{"chunk_definitions":[{"row":27,"row_count":1,"visible":true,"expansion_state":0,"options":{"engine":"r","label":"setup","include":false},"document_id":"73BF03E4","chunk_id":"csetup_chunk","chunk_label":"setup"},{"row":37,"row_count":1,"visible":true,"expansion_state":0,"options":{"engine":"r","label":"load-packages","include":false},"document_id":"73BF03E4","chunk_id":"c8il0gh51kdmv","chunk_label":"load-packages"},{"row":84,"row_count":1,"visible":true,"expansion_state":0,"options":{"engine":"r","label":"df-rnorm"},"document_id":"73BF03E4","chunk_id":"c3fehvz9aqbct","chunk_label":"unnamed-chunk-1"},{"row":97,"row_count":1,"visible":true,"expansion_state":0,"options":{"engine":"r","label":"map"},"document_id":"73BF03E4","chunk_id":"cdbv1lkybm0kf","chunk_label":"map"},{"row":129,"row_count":1,"visible":true,"expansion_state":0,"options":{"engine":"r","label":"gapminder_map_mean"},"document_id":"73BF03E4","chunk_id":"c7mv8310z4n1k","chunk_label":"gapminder_map_mean"},{"row":175,"row_count":1,"visible":true,"expansion_state":0,"options":{"engine":"r","label":"single_lm_model"},"document_id":"73BF03E4","chunk_id":"cwvv1k17pk5q5","chunk_label":"unnamed-chunk-3"},{"row":208,"row_count":1,"visible":true,"expansion_state":0,"options":{"engine":"r","label":"many_models"},"document_id":"73BF03E4","chunk_id":"cd2gzaniprl4q","chunk_label":"unnamed-chunk-4"}],"doc_write_time":1604781652,"working_dir":null,"default_chunk_options":{"message":false,"warning":false,"tidy":false,"size":"small","fig.align":"center"}}