"0","# take the tidy dataframe df, and apply the function 'mean' to each element (column), and remove NAs"
"0","map_dbl(df, mean, na.rm = TRUE)"
"1","          x "
"1","          y "
"1","          z "
"1","
"
"1","-0.14545664 "
"1","-0.05125050 "
"1"," 0.08587945 "
"1","
"
"0","# take the tidy dataframe df, and apply the function 'median' to each element (column), and remove NAs"
"0","map_dbl(df, median)"
"1","          x "
"1","          y "
"1","          z "
"1","
"
"1","-0.14082550 "
"1","-0.02570386 "
"1"," 0.02406638 "
"1","
"
"0","map_dbl(df, sd)"
"1","        x "
"1","        y "
"1","        z "
"1","
"
"1","0.9067853 "
"1","0.9681776 "
"1","1.0313053 "
"1","
"
